{
  "state_names": [
    "Human",
    "Archaic"
  ],
  "starting_probabilities": [
    0.9499137800946721,
    0.05008621990584711
  ],
  "transitions": [
    [
      0.9690963063151468,
      0.030903693684853274
    ],
    [
      0.5864539667018739,
      0.41354603329812617
    ]
  ],
  "emissions": [
    0.012258712727528489,
    1.6855118754204603
  ]
}