{
  "state_names": [
    "Human",
    "Archaic"
  ],
  "starting_probabilities": [
    0.980623713889011,
    0.01937628611101728
  ],
  "transitions": [
    [
      0.9863114143886748,
      0.013688585611325335
    ],
    [
      0.6926441490165075,
      0.30735585098349255
    ]
  ],
  "emissions": [
    0.01652243276964613,
    3.2792706880901865
  ]
}