{
  "state_names": [
    "Human",
    "Archaic"
  ],
  "starting_probabilities": [
    0.9894515679322555,
    0.010548432067728125
  ],
  "transitions": [
    [
      0.990794822252089,
      0.009205177747910928
    ],
    [
      0.8634100603756037,
      0.13658993962439625
    ]
  ],
  "emissions": [
    0.04340301688300604,
    14.300307725629036
  ]
}