{
  "state_names": [
    "Human",
    "Archaic"
  ],
  "starting_probabilities": [
    0.9866302611872263,
    0.013369738812643354
  ],
  "transitions": [
    [
      0.9892367354580638,
      0.010763264541936195
    ],
    [
      0.7953526833674796,
      0.20464731663252048
    ]
  ],
  "emissions": [
    0.030849249827706694,
    6.133087978982822
  ]
}