{
  "state_names": [
    "Human",
    "Archaic"
  ],
  "starting_probabilities": [
    0.948260459612571,
    0.05173954038747374
  ],
  "transitions": [
    [
      0.9680219775256074,
      0.03197802247439262
    ],
    [
      0.5864159662410732,
      0.4135840337589269
    ]
  ],
  "emissions": [
    0.010869503605534372,
    1.5891398845780635
  ]
}