{
  "state_names": [
    "Human",
    "Archaic"
  ],
  "starting_probabilities": [
    0.9808652931759998,
    0.019134706823933968
  ],
  "transitions": [
    [
      0.9870452438773185,
      0.012954756122681444
    ],
    [
      0.6640509399907484,
      0.3359490600092517
    ]
  ],
  "emissions": [
    0.04204801793838801,
    8.985716921414493
  ]
}