{
  "state_names": [
    "Human",
    "Archaic"
  ],
  "starting_probabilities": [
    0.978714207092358,
    0.021285792907477005
  ],
  "transitions": [
    [
      0.9849439245776636,
      0.015056075422336498
    ],
    [
      0.6928202376483908,
      0.3071797623516092
    ]
  ],
  "emissions": [
    0.02148008567212639,
    3.347069173921195
  ]
}