{
  "state_names": [
    "Human",
    "Archaic"
  ],
  "starting_probabilities": [
    0.9454494968088654,
    0.054550503191099144
  ],
  "transitions": [
    [
      0.9652757289022761,
      0.034724271097723906
    ],
    [
      0.6020268034251675,
      0.39797319657483254
    ]
  ],
  "emissions": [
    0.19125428300943836,
    20.317937038721574
  ]
}