{
  "state_names": [
    "Human",
    "Archaic"
  ],
  "starting_probabilities": [
    0.9747085741014846,
    0.025291425898404097
  ],
  "transitions": [
    [
      0.9819459351173705,
      0.01805406488262953
    ],
    [
      0.6957501073900085,
      0.3042498926099916
    ]
  ],
  "emissions": [
    0.03843097783794391,
    7.660144994157839
  ]
}