{
  "state_names": [
    "Human",
    "Archaic"
  ],
  "starting_probabilities": [
    0.9893024197588776,
    0.010697580241095914
  ],
  "transitions": [
    [
      0.9905804169097492,
      0.009419583090250904
    ],
    [
      0.8710726387682636,
      0.12892736123173643
    ]
  ],
  "emissions": [
    0.006662565907271047,
    13.136527370821733
  ]
}