{
  "state_names": [
    "Human",
    "Archaic"
  ],
  "starting_probabilities": [
    0.951323076422152,
    0.04867692357796432
  ],
  "transitions": [
    [
      0.9694256359072643,
      0.03057436409273573
    ],
    [
      0.5975223257218287,
      0.4024776742781712
    ]
  ],
  "emissions": [
    0.011268886550157047,
    1.51224385554522
  ]
}