{
  "state_names": [
    "Human",
    "Archaic"
  ],
  "starting_probabilities": [
    0.9785243402290453,
    0.021475659771011915
  ],
  "transitions": [
    [
      0.9845771520707192,
      0.015422847929280819
    ],
    [
      0.7027073089231536,
      0.29729269107684647
    ]
  ],
  "emissions": [
    0.04832186791518126,
    9.087882055740371
  ]
}