{
  "state_names": [
    "Human",
    "Archaic"
  ],
  "starting_probabilities": [
    0.9500873777225203,
    0.049912622277859135
  ],
  "transitions": [
    [
      0.9683468670708306,
      0.03165313292916931
    ],
    [
      0.6025063755283147,
      0.39749362447168535
    ]
  ],
  "emissions": [
    0.26024136651804075,
    14.495506198579132
  ]
}