{
  "state_names": [
    "Human",
    "Archaic"
  ],
  "starting_probabilities": [
    0.9513101268784446,
    0.04868987312136995
  ],
  "transitions": [
    [
      0.9698395677625874,
      0.03016043223741266
    ],
    [
      0.5892679667420437,
      0.41073203325795626
    ]
  ],
  "emissions": [
    0.007445187598790757,
    1.5523339250857753
  ]
}