{
  "state_names": [
    "Human",
    "Archaic"
  ],
  "starting_probabilities": [
    0.9344489528054307,
    0.0655510471944988
  ],
  "transitions": [
    [
      0.9582704792304761,
      0.041729520769523805
    ],
    [
      0.5948508333543767,
      0.40514916664562334
    ]
  ],
  "emissions": [
    0.2795726849388525,
    13.471554247822286
  ]
}