{
  "state_names": [
    "Human",
    "Archaic"
  ],
  "starting_probabilities": [
    0.9464027851456857,
    0.05359721485527376
  ],
  "transitions": [
    [
      0.9662294020521611,
      0.03377059794783893
    ],
    [
      0.5965519343625334,
      0.40344806563746666
    ]
  ],
  "emissions": [
    0.302286063244168,
    16.142907394953045
  ]
}