{
  "state_names": [
    "Human",
    "Archaic"
  ],
  "starting_probabilities": [
    0.9827692225638444,
    0.0172307774361863
  ],
  "transitions": [
    [
      0.9881605918206443,
      0.01183940817935579
    ],
    [
      0.6759738765639145,
      0.3240261234360855
    ]
  ],
  "emissions": [
    0.017896796063681275,
    4.046500782408255
  ]
}