{
  "state_names": [
    "Human",
    "Archaic"
  ],
  "starting_probabilities": [
    0.9504684859534653,
    0.04953151404666294
  ],
  "transitions": [
    [
      0.970026859814284,
      0.029973140185715976
    ],
    [
      0.5751422185695201,
      0.42485778143048
    ]
  ],
  "emissions": [
    0.038691499111988006,
    2.125122983129075
  ]
}