{
  "state_names": [
    "Human",
    "Archaic"
  ],
  "starting_probabilities": [
    0.9513101268856065,
    0.048689873114382345
  ],
  "transitions": [
    [
      0.9698395677663032,
      0.030160432233696816
    ],
    [
      0.589267966758341,
      0.41073203324165886
    ]
  ],
  "emissions": [
    0.014890375170607224,
    3.1046678511419645
  ]
}