{
  "state_names": [
    "Human",
    "Archaic"
  ],
  "starting_probabilities": [
    0.9495861898234743,
    0.05041381017642927
  ],
  "transitions": [
    [
      0.9678082897691973,
      0.032191710230802674
    ],
    [
      0.6062646420712825,
      0.3937353579287175
    ]
  ],
  "emissions": [
    0.14280992903245932,
    19.207797153751272
  ]
}