{
  "state_names": [
    "Human",
    "Archaic"
  ],
  "starting_probabilities": [
    0.948028208991677,
    0.051971791008198875
  ],
  "transitions": [
    [
      0.9676448871867096,
      0.03235511281329046
    ],
    [
      0.5904919904778907,
      0.4095080095221094
    ]
  ],
  "emissions": [
    0.011778377617105935,
    1.5795051860790053
  ]
}