{
  "state_names": [
    "Human",
    "Archaic"
  ],
  "starting_probabilities": [
    0.9532288271563168,
    0.04677117284367911
  ],
  "transitions": [
    [
      0.9715177022479632,
      0.028482297752036787
    ],
    [
      0.5804733226019311,
      0.41952667739806887
    ]
  ],
  "emissions": [
    0.04280135478705345,
    2.3522168653708095
  ]
}