{
  "state_names": [
    "Human",
    "Archaic"
  ],
  "starting_probabilities": [
    0.9516317509582282,
    0.048368249041598685
  ],
  "transitions": [
    [
      0.970327374161758,
      0.029672625838241963
    ],
    [
      0.5837895753032001,
      0.4162104246967998
    ]
  ],
  "emissions": [
    0.008265247371958356,
    1.5461749226977357
  ]
}