{
  "state_names": [
    "Human",
    "Archaic"
  ],
  "starting_probabilities": [
    0.9516317509917955,
    0.04836824900818734
  ],
  "transitions": [
    [
      0.9703273742001944,
      0.029672625799805497
    ],
    [
      0.5837895749707431,
      0.4162104250292569
    ]
  ],
  "emissions": [
    0.11351963151318607,
    21.23605066189867
  ]
}