{
  "state_names": [
    "Human",
    "Archaic"
  ],
  "starting_probabilities": [
    0.9877596004263749,
    0.012240399573580044
  ],
  "transitions": [
    [
      0.9895993098741632,
      0.010400690125836705
    ],
    [
      0.8392619051567015,
      0.16073809484329843
    ]
  ],
  "emissions": [
    0.0151249816453308,
    10.76413584952062
  ]
}