{
  "state_names": [
    "Human",
    "Archaic"
  ],
  "starting_probabilities": [
    0.9899254881671364,
    0.01007451183272599
  ],
  "transitions": [
    [
      0.991414520669126,
      0.00858547933087383
    ],
    [
      0.8435713561747373,
      0.15642864382526261
    ]
  ],
  "emissions": [
    0.011027840880650217,
    12.659314918458882
  ]
}