{
  "state_names": [
    "Human",
    "Archaic"
  ],
  "starting_probabilities": [
    0.950714267974707,
    0.049285732025328745
  ],
  "transitions": [
    [
      0.9696708922131746,
      0.03032910778682538
    ],
    [
      0.5850328118909628,
      0.4149671881090372
    ]
  ],
  "emissions": [
    0.008973802816343706,
    1.4769175795524294
  ]
}