{
  "state_names": [
    "Human",
    "Archaic"
  ],
  "starting_probabilities": [
    0.9473101737795259,
    0.05268982622049959
  ],
  "transitions": [
    [
      0.9670872700250952,
      0.032912729974904825
    ],
    [
      0.5917212714913165,
      0.4082787285086836
    ]
  ],
  "emissions": [
    0.04523890432519003,
    2.229198510721051
  ]
}