{
  "state_names": [
    "Human",
    "Archaic"
  ],
  "starting_probabilities": [
    0.916025436807256,
    0.08397456319280555
  ],
  "transitions": [
    [
      0.9431113027254506,
      0.056888697274549274
    ],
    [
      0.6205569752272968,
      0.3794430247727033
    ]
  ],
  "emissions": [
    0.5205373969131619,
    10.574691978043454
  ]
}