{
  "state_names": [
    "Human",
    "Archaic"
  ],
  "starting_probabilities": [
    0.9540085676958376,
    0.045991432304400455
  ],
  "transitions": [
    [
      0.9720765961180504,
      0.02792340388194967
    ],
    [
      0.5792276266849088,
      0.4207723733150912
    ]
  ],
  "emissions": [
    0.5014178400692108,
    13.721480158172998
  ]
}