{
  "state_names": [
    "Human",
    "Archaic"
  ],
  "starting_probabilities": [
    0.9759354303780363,
    0.02406456962198059
  ],
  "transitions": [
    [
      0.9829340327837492,
      0.017065967216250803
    ],
    [
      0.692072408011522,
      0.30792759198847786
    ]
  ],
  "emissions": [
    0.03257072539888803,
    7.174622785678902
  ]
}