{
  "state_names": [
    "Human",
    "Archaic"
  ],
  "starting_probabilities": [
    0.9713438491026354,
    0.02865615089736841
  ],
  "transitions": [
    [
      0.9795047219658229,
      0.020495278034177052
    ],
    [
      0.694701261115125,
      0.3052987388848751
    ]
  ],
  "emissions": [
    0.026856013968032114,
    2.962764424525656
  ]
}