{
  "state_names": [
    "Human",
    "Archaic"
  ],
  "starting_probabilities": [
    0.9493490973741775,
    0.05065090262590159
  ],
  "transitions": [
    [
      0.9678711038039771,
      0.03212889619602297
    ],
    [
      0.6020929525180995,
      0.3979070474819005
    ]
  ],
  "emissions": [
    0.13848032372084768,
    18.737356848958754
  ]
}