{
  "state_names": [
    "Human",
    "Archaic"
  ],
  "starting_probabilities": [
    0.9803268603662691,
    0.019673139633754527
  ],
  "transitions": [
    [
      0.9869745577591813,
      0.013025442240818709
    ],
    [
      0.649035190583036,
      0.35096480941696395
    ]
  ],
  "emissions": [
    0.03279552447376253,
    8.184739475068271
  ]
}