{
  "state_names": [
    "Human",
    "Archaic"
  ],
  "starting_probabilities": [
    0.9468394834707788,
    0.05316051652929786
  ],
  "transitions": [
    [
      0.9660579411103266,
      0.03394205888967337
    ],
    [
      0.6047448912773168,
      0.3952551087226831
    ]
  ],
  "emissions": [
    0.24518400278873573,
    19.204759699348507
  ]
}