{
  "state_names": [
    "Human",
    "Archaic"
  ],
  "starting_probabilities": [
    0.9499625273094272,
    0.050037472690067676
  ],
  "transitions": [
    [
      0.9686011107408442,
      0.03139888925915584
    ],
    [
      0.5960973294468765,
      0.4039026705531234
    ]
  ],
  "emissions": [
    0.25960906918889204,
    14.198313433265852
  ]
}