{
  "state_names": [
    "Human",
    "Archaic"
  ],
  "starting_probabilities": [
    0.9806244983662026,
    0.01937550163377109
  ],
  "transitions": [
    [
      0.9857882691893347,
      0.014211730810665353
    ],
    [
      0.7192530483640284,
      0.28074695163597163
    ]
  ],
  "emissions": [
    0.035405821691259394,
    9.153092937296943
  ]
}