{
  "state_names": [
    "Human",
    "Archaic"
  ],
  "starting_probabilities": [
    0.9485167707180582,
    0.05148322928198839
  ],
  "transitions": [
    [
      0.9679312852343237,
      0.03206871476567638
    ],
    [
      0.591165533731026,
      0.4088344662689741
    ]
  ],
  "emissions": [
    0.016818583102810154,
    1.7073405314007326
  ]
}