{
  "state_names": [
    "Human",
    "Archaic"
  ],
  "starting_probabilities": [
    0.949913779919673,
    0.05008622008032524
  ],
  "transitions": [
    [
      0.9690963065768031,
      0.030903693423196904
    ],
    [
      0.5864539595889091,
      0.4135460404110909
    ]
  ],
  "emissions": [
    0.024517418824541316,
    3.3710238649350046
  ]
}