{
  "state_names": [
    "Human",
    "Archaic"
  ],
  "starting_probabilities": [
    0.9868955495431075,
    0.013104450456969499
  ],
  "transitions": [
    [
      0.989493241604355,
      0.010506758395645091
    ],
    [
      0.7912083633952995,
      0.20879163660470046
    ]
  ],
  "emissions": [
    0.0076275938009196685,
    7.794030597602888
  ]
}