{
  "state_names": [
    "Human",
    "Archaic"
  ],
  "starting_probabilities": [
    0.9516317507642907,
    0.04836824923573487
  ],
  "transitions": [
    [
      0.9703273740979659,
      0.02967262590203408
    ],
    [
      0.5837895740960185,
      0.4162104259039815
    ]
  ],
  "emissions": [
    0.16530494278209998,
    30.923498422126837
  ]
}