{
  "state_names": [
    "Human",
    "Archaic"
  ],
  "starting_probabilities": [
    0.9482604596117572,
    0.051739540388329903
  ],
  "transitions": [
    [
      0.9680219775255405,
      0.03197802247445946
    ],
    [
      0.5864159662320743,
      0.41358403376792585
    ]
  ],
  "emissions": [
    0.021739007203077712,
    3.178279769250395
  ]
}