{
  "state_names": [
    "Human",
    "Archaic"
  ],
  "starting_probabilities": [
    0.9849812382694665,
    0.015018761730512926
  ],
  "transitions": [
    [
      0.9881520026657948,
      0.01184799733420513
    ],
    [
      0.7770045967898523,
      0.2229954032101476
    ]
  ],
  "emissions": [
    0.02832660901284505,
    8.366688030995928
  ]
}