{
  "state_names": [
    "Human",
    "Archaic"
  ],
  "starting_probabilities": [
    0.9516317509516349,
    0.04836824904825791
  ],
  "transitions": [
    [
      0.9703273741621143,
      0.02967262583788573
    ],
    [
      0.5837895752117325,
      0.4162104247882676
    ]
  ],
  "emissions": [
    0.01653049468636999,
    3.092349846104213
  ]
}