{
  "state_names": [
    "Human",
    "Archaic"
  ],
  "starting_probabilities": [
    0.9478266348962471,
    0.0521733651043729
  ],
  "transitions": [
    [
      0.9669825836152258,
      0.03301741638477415
    ],
    [
      0.6000717742425711,
      0.3999282257574288
    ]
  ],
  "emissions": [
    0.35389878911688233,
    15.01982022303566
  ]
}